feature_set,modality,model,dataset,accuracy,precision,recall_sensitivity,specificity,f1,roc_auc,pr_auc,mcc,tn,fp,fn,tp
Genomic-only K3K4Basic,genomic,Soft Voting,validation,0.6125461254612546,0.6260162601626016,0.5661764705882353,0.6592592592592592,0.5945945945945946,0.6425925925925926,0.6337560411268861,0.2263996100821059,89,46,59,77
Combined Protein+Genomic,multimodal,SVM RBF,validation,0.6642066420664207,0.6717557251908397,0.6470588235294118,0.6814814814814815,0.6591760299625468,0.7297930283224401,0.7084977865893352,0.32871939486066704,92,43,48,88
Protein-only ProtBERT-SW,protein,SVM RBF,validation,0.6531365313653137,0.65,0.6691176470588235,0.6370370370370371,0.6594202898550725,0.7267429193899783,0.7384660372583831,0.3063215713713212,86,49,45,91
