feature_set,modality,model,dataset,accuracy,precision,recall_sensitivity,specificity,f1,roc_auc,pr_auc,mcc,tn,fp,fn,tp
Combined Protein+Genomic,multimodal,SVM RBF,test,0.6642066420664207,0.6774193548387096,0.6222222222222222,0.7058823529411765,0.6486486486486487,0.7289760348583878,0.7572529106696753,0.3292904342375181,96,40,51,84
Protein-only ProtBERT-SW,protein,SVM RBF,test,0.6642066420664207,0.6549295774647887,0.6888888888888889,0.6397058823529411,0.6714801444043321,0.72739651416122,0.7433410194377705,0.3289712609960081,87,49,42,93
Genomic-only K3K4Basic,genomic,Soft Voting,test,0.6420664206642066,0.6826923076923077,0.5259259259259259,0.7573529411764706,0.5941422594142259,0.6553921568627452,0.6539912581359495,0.2912564891249083,103,33,64,71
