feature_set,modality,model,dataset,accuracy,precision,recall_sensitivity,specificity,f1,roc_auc,pr_auc,mcc,tn,fp,fn,tp
Combined Protein+Genomic,multimodal,SVM RBF,validation,0.6642066420664207,0.6717557251908397,0.6470588235294118,0.6814814814814815,0.6591760299625468,0.7297930283224401,0.7084977865893352,0.32871939486066704,92,43,48,88
