wins_out_of_10,losses_out_of_10,two_sided_exact_sign_test_p
0,10,0.001953
1,9,0.021484
2,8,0.109375
3,7,0.34375
4,6,0.753906
5,5,1.0
6,4,0.753906
7,3,0.34375
8,2,0.109375
9,1,0.021484
10,0,0.001953
