metric,mean,sd
roc_auc,0.63318,0.02407
pr_auc,0.62675,0.02095
mcc,0.16428,0.05124
f1,0.54146,0.11987
