model,n,accuracy,precision,recall_sensitivity,specificity,f1,roc_auc,pr_auc,mcc,tn,fp,fn,tp
Protein ProtBERT SW LR (protein_pred_tuned_f1),45,0.5555555555555556,0.4857142857142857,0.8947368421052632,0.3076923076923077,0.6296296296296297,0.7145748987854251,0.6703571760001226,0.2404930351219409,8,18,2,17
Genomic RF K3K4Basic (genomic_pred_default_0_5),45,0.5555555555555556,0.47368421052631576,0.47368421052631576,0.6153846153846154,0.47368421052631576,0.5364372469635628,0.534735472440461,0.08906882591093117,16,10,10,9
