model,n,accuracy,precision,recall_sensitivity,specificity,f1,roc_auc,pr_auc,mcc,tn,fp,fn,tp
Simple mean fusion score default 0.5,45,0.6666666666666666,0.5909090909090909,0.6842105263157895,0.6538461538461539,0.6341463414634146,0.6902834008097166,0.634041087471843,0.33402405059749574,17,9,6,13
