representation,model,train_roc_auc_mean,train_roc_auc_std,cv_roc_auc_mean,cv_roc_auc_std,cv_f1_mean,cv_f1_std,cv_pr_auc_mean,cv_pr_auc_std,cv_mcc_mean,cv_mcc_std,overfit_gap_train_minus_cv
ESM2_t6_8M_sliding_window_mean_pool_1022_stride_1022,Random Forest,1.0,0.0,0.6943176886353772,0.026275125621162108,0.6388931115751401,0.017556111566512614,0.6821949792323314,0.02857297859746288,0.2688701509039891,0.043736307576958726,0.30568231136462276
ESM2_t6_8M_sliding_window_mean_pool_1022_stride_1022,SVM RBF,0.9107287812077718,0.0019290548619433218,0.684340415555831,0.015451605629499598,0.6251182650237881,0.024189595837809098,0.6729553954594257,0.022326850344582306,0.26450573216241857,0.0356603741481219,0.22638836565194076
ESM2_t6_8M_sliding_window_mean_pool_1022_stride_1022,LightGBM,1.0,0.0,0.6684256618513237,0.03213732675640567,0.615070272982691,0.02580763345145543,0.6539520011439305,0.031553254619913325,0.2230717118947701,0.06218792388511262,0.3315743381486763
ESM2_t6_8M_sliding_window_mean_pool_1022_stride_1022,Logistic Regression,0.8877060251119978,0.005985322194101229,0.623304005983012,0.04398973727762064,0.5934967076895437,0.037516945797358155,0.6199527800550722,0.05266413068086724,0.1979507317500428,0.07761676574503343,0.26440201912898575
