model,dataset,accuracy,precision,recall_sensitivity,specificity,f1,roc_auc,pr_auc,mcc,tn,fp,fn,tp,representation
Logistic Regression,test_diagnostic,0.5897435897435898,0.5821917808219178,0.625,0.5547445255474452,0.6028368794326241,0.6395448690425074,0.6248072522310427,0.18018022354721158,76,61,51,85,ESM2_t6_8M_sliding_window_mean_pool_1022_stride_1022
Soft Voting,test_diagnostic,0.5824175824175825,0.5785714285714286,0.5955882352941176,0.5693430656934306,0.5869565217391305,0.6276835551738944,0.6277878912896124,0.16498443892620485,78,59,55,81,ESM2_t6_8M_sliding_window_mean_pool_1022_stride_1022
Stacking,test_diagnostic,0.5860805860805861,0.5827338129496403,0.5955882352941176,0.5766423357664233,0.5890909090909091,0.6253220266208673,0.6263826744128422,0.17225830917443347,79,58,55,81,ESM2_t6_8M_sliding_window_mean_pool_1022_stride_1022
LightGBM,test_diagnostic,0.5677655677655677,0.5642857142857143,0.5808823529411765,0.5547445255474452,0.572463768115942,0.6155538857878918,0.6073146215776438,0.13567057506232336,76,61,57,79,ESM2_t6_8M_sliding_window_mean_pool_1022_stride_1022
SVM RBF,test_diagnostic,0.5824175824175825,0.5846153846153846,0.5588235294117647,0.6058394160583942,0.5714285714285714,0.6147219836839846,0.6192464169163572,0.16484885030906957,83,54,60,76,ESM2_t6_8M_sliding_window_mean_pool_1022_stride_1022
Random Forest,test_diagnostic,0.5714285714285714,0.5612903225806452,0.6397058823529411,0.5036496350364964,0.5979381443298969,0.6141047659939888,0.6051485305719914,0.14468959383672256,69,68,49,87,ESM2_t6_8M_sliding_window_mean_pool_1022_stride_1022
