model,dataset,accuracy,precision,recall_sensitivity,specificity,f1,roc_auc,pr_auc,mcc,tn,fp,fn,tp,representation
LightGBM,validation,0.6593406593406593,0.664179104477612,0.6496350364963503,0.6691176470588235,0.6568265682656826,0.7252576212966939,0.7149192745740525,0.3188040193789219,91,45,48,89,ESM2_t6_8M_sliding_window_mean_pool_1022_stride_1022
Logistic Regression,validation,0.6446886446886447,0.6639344262295082,0.5912408759124088,0.6985294117647058,0.6254826254826255,0.722842421640189,0.7210605288887098,0.2914172131809239,95,41,56,81,ESM2_t6_8M_sliding_window_mean_pool_1022_stride_1022
Random Forest,validation,0.652014652014652,0.647887323943662,0.6715328467153284,0.6323529411764706,0.6594982078853047,0.7137720051524259,0.7208972860214643,0.3041307320095055,86,50,45,92,ESM2_t6_8M_sliding_window_mean_pool_1022_stride_1022
SVM RBF,validation,0.6336996336996337,0.6504065040650406,0.583941605839416,0.6838235294117647,0.6153846153846154,0.6917400171747531,0.6825280651547825,0.269082578651563,93,43,57,80,ESM2_t6_8M_sliding_window_mean_pool_1022_stride_1022
