model,dataset,accuracy,precision,recall_sensitivity,specificity,f1,roc_auc,pr_auc,mcc,tn,fp,fn,tp,representation
Logistic Regression,test_diagnostic,0.5787545787545788,0.5714285714285714,0.6176470588235294,0.5401459854014599,0.5936395759717314,0.6138364104765994,0.5897471949902174,0.15826090785897667,74,63,52,84,ESM2_t12_35M_mean_pool_truncated_1022
Soft Voting,test_diagnostic,0.5494505494505495,0.54421768707483,0.5882352941176471,0.5109489051094891,0.5653710247349824,0.5874838986689567,0.5941745864090112,0.09947828493992819,70,67,56,80,ESM2_t12_35M_mean_pool_truncated_1022
Stacking,test_diagnostic,0.5421245421245421,0.5374149659863946,0.5808823529411765,0.5036496350364964,0.558303886925795,0.5819021039072564,0.5923720696194781,0.08478262921016608,69,68,57,79,ESM2_t12_35M_mean_pool_truncated_1022
SVM RBF,test_diagnostic,0.5457875457875457,0.5434782608695652,0.5514705882352942,0.5401459854014599,0.5474452554744526,0.5746028338342637,0.596044461983876,0.09162149119525764,74,63,61,75,ESM2_t12_35M_mean_pool_truncated_1022
Random Forest,test_diagnostic,0.5311355311355311,0.5273972602739726,0.5661764705882353,0.49635036496350365,0.5460992907801419,0.5641906397595534,0.5653837397536556,0.06267839965138892,68,69,59,77,ESM2_t12_35M_mean_pool_truncated_1022
