model,dataset,accuracy,precision,recall_sensitivity,specificity,f1,roc_auc,pr_auc,mcc,tn,fp,fn,tp,representation
Soft Voting,validation,0.6703296703296703,0.6850393700787402,0.635036496350365,0.7058823529411765,0.6590909090909091,0.747638471446973,0.7381613728246129,0.34174523140396773,96,40,50,87,ESM2_t12_35M_mean_pool_truncated_1022
Soft Voting,validation,0.6703296703296703,0.6850393700787402,0.635036496350365,0.7058823529411765,0.6590909090909091,0.747638471446973,0.7381613728246129,0.34174523140396773,96,40,50,87,ESM2_t12_35M_mean_pool_truncated_1022
Logistic Regression,validation,0.6886446886446886,0.7063492063492064,0.6496350364963503,0.7279411764705882,0.6768060836501901,0.74720910261915,0.7383515000475918,0.37869574380540844,99,37,48,89,ESM2_t12_35M_mean_pool_truncated_1022
Stacking,validation,0.6703296703296703,0.6850393700787402,0.635036496350365,0.7058823529411765,0.6590909090909091,0.7459746672391584,0.7374008309336062,0.34174523140396773,96,40,50,87,ESM2_t12_35M_mean_pool_truncated_1022
Stacking,validation,0.6703296703296703,0.6850393700787402,0.635036496350365,0.7058823529411765,0.6590909090909091,0.7459746672391584,0.7374008309336062,0.34174523140396773,96,40,50,87,ESM2_t12_35M_mean_pool_truncated_1022
SVM RBF,validation,0.663003663003663,0.68,0.6204379562043796,0.7058823529411765,0.648854961832061,0.7292292829540575,0.7185954603131504,0.32748240964561176,96,40,52,85,ESM2_t12_35M_mean_pool_truncated_1022
Random Forest,validation,0.652014652014652,0.65,0.6642335766423357,0.6397058823529411,0.6570397111913358,0.7277801631601546,0.73099400419881,0.30403738289589916,87,49,46,91,ESM2_t12_35M_mean_pool_truncated_1022
