experiment,representation,threshold,val_f1,val_mcc,test_f1,test_mcc,test_roc_auc,test_pr_auc,test_tn,test_fp,test_fn,test_tp
ProtBERT truncated + Logistic Regression,ProtBERT_truncated_1022,0.5,0.6640926640926641,0.365094652705273,0.6014492753623188,0.19429830279008636,0.6370759982825247,0.6422789673606879,80,57,53,83
ProtBERT sliding-window + Logistic Regression,ProtBERT_sliding_window_1022_stride_1022,0.5,0.6641221374045801,0.35689119182760254,0.5895522388059702,0.19412525621445714,0.6487226277372263,0.6551002354519113,84,53,57,79
