model,TP,TN,FP,FN,n,fp_rate_among_actual_negative,fn_rate_among_actual_positive
ProtBERT truncated,115,48,89,21,273,0.6496350364963503,0.15441176470588236
ProtBERT sliding-window,98,56,81,38,273,0.5912408759124088,0.27941176470588236
