feature_set,model,dataset,accuracy,precision,recall_sensitivity,specificity,f1,roc_auc,pr_auc,mcc,tn,fp,fn,tp
K3 + K4 + Basic,Random Forest,test,0.6273062730627307,0.6164383561643836,0.6666666666666666,0.5882352941176471,0.6405693950177936,0.6496187363834423,0.6327321999591006,0.2556690043916305,80,56,45,90
