feature_set,model,dataset,accuracy,precision,recall_sensitivity,specificity,f1,roc_auc,pr_auc,mcc,tn,fp,fn,tp
K3 + K4 + Basic,Random Forest,validation,0.6273062730627307,0.6446280991735537,0.5735294117647058,0.6814814814814815,0.6070038910505836,0.670751633986928,0.7044422891927502,0.2564819200775122,92,43,58,78
