feature_set,model,dataset,accuracy,precision,recall_sensitivity,specificity,f1,roc_auc,pr_auc,mcc,tn,fp,fn,tp
K3 + K4 + Basic,SVM RBF,test_diagnostic,0.6457564575645757,0.6382978723404256,0.6666666666666666,0.625,0.6521739130434783,0.6764705882352942,0.6504049696069261,0.2919052488469828,85,51,45,90
K3 + K4 + Basic,Soft Voting,test_diagnostic,0.6309963099630996,0.6223776223776224,0.6592592592592592,0.6029411764705882,0.6402877697841727,0.6720043572984749,0.6489886254458386,0.26260122274183173,82,54,46,89
K3 + K4 + Basic,Stacking,test_diagnostic,0.6309963099630996,0.6223776223776224,0.6592592592592592,0.6029411764705882,0.6402877697841727,0.6715141612200435,0.6502049411333639,0.26260122274183173,82,54,46,89
K3 + K4 + Basic,Logistic Regression,test_diagnostic,0.6162361623616236,0.6083916083916084,0.6444444444444445,0.5882352941176471,0.6258992805755396,0.6592592592592592,0.6474768981141288,0.23303540165207834,80,56,48,87
K3 + K4 + Basic,Random Forest,test_diagnostic,0.6273062730627307,0.6164383561643836,0.6666666666666666,0.5882352941176471,0.6405693950177936,0.6496187363834423,0.6327321999591006,0.2556690043916305,80,56,45,90
K3 + K4 + Basic,LightGBM,test_diagnostic,0.5940959409594095,0.5838926174496645,0.6444444444444445,0.5441176470588235,0.6126760563380281,0.649400871459695,0.6230163932752648,0.18950369202073095,74,62,48,87
