feature_set,model,dataset,accuracy,precision,recall_sensitivity,specificity,f1,roc_auc,pr_auc,mcc,tn,fp,fn,tp
K3 + K4 + Basic,Logistic Regression,train,0.6629746835443038,0.6722408026755853,0.6360759493670886,0.689873417721519,0.6536585365853659,0.720860539176414,0.7081350368961614,0.32642206944526997,436,196,230,402
K3 + K4 + Basic,Logistic Regression,validation,0.6199261992619927,0.6240601503759399,0.6102941176470589,0.6296296296296297,0.6171003717472119,0.6535403050108933,0.6733807208980178,0.23996296011461912,85,50,53,83
K3 + K4 + Basic,SVM RBF,train,0.7215189873417721,0.7287581699346405,0.7056962025316456,0.7373417721518988,0.7170418006430869,0.8004213567537254,0.7915943739388449,0.4432599798761602,466,166,186,446
K3 + K4 + Basic,SVM RBF,validation,0.5940959409594095,0.5970149253731343,0.5882352941176471,0.6,0.5925925925925926,0.6499183006535948,0.6691874616306227,0.18824554742234284,81,54,56,80
K3 + K4 + Basic,Random Forest,train,0.9810126582278481,0.9735202492211839,0.9889240506329114,0.9731012658227848,0.9811616954474097,0.9989810326870694,0.9990052282146803,0.962145765651791,615,17,7,625
K3 + K4 + Basic,Random Forest,validation,0.6273062730627307,0.6446280991735537,0.5735294117647058,0.6814814814814815,0.6070038910505836,0.670751633986928,0.7044422891927502,0.2564819200775122,92,43,58,78
K3 + K4 + Basic,LightGBM,train,0.9129746835443038,0.9129746835443038,0.9129746835443038,0.9129746835443038,0.9129746835443038,0.9697414276558244,0.9684710524113878,0.8259493670886076,577,55,55,577
K3 + K4 + Basic,LightGBM,validation,0.5940959409594095,0.5955882352941176,0.5955882352941176,0.5925925925925926,0.5955882352941176,0.6328976034858388,0.6742204387975226,0.18818082788671023,80,55,55,81
