representation,model,dataset,accuracy,precision,recall_sensitivity,specificity,f1,roc_auc,pr_auc,mcc,tn,fp,fn,tp
Combined ProtBERT-SW + DNABERT-2,SVM RBF,validation,0.6789667896678967,0.6991869918699187,0.6323529411764706,0.725925925925926,0.6640926640926641,0.7392701525054465,0.719668294334663,0.35981073571396294,98,37,50,86
Combined ProtBERT-SW + DNABERT-2,Soft Voting,validation,0.6752767527675276,0.6875,0.6470588235294118,0.7037037037037037,0.6666666666666666,0.7293572984749456,0.715002408361002,0.3512986860110919,95,40,48,88
Combined ProtBERT-SW + DNABERT-2,Stacking,validation,0.6678966789667896,0.6796875,0.6397058823529411,0.6962962962962963,0.6590909090909091,0.7275054466230938,0.7128864295775323,0.3365157754662152,94,41,49,87
Combined ProtBERT-SW + DNABERT-2,Random Forest,validation,0.6605166051660517,0.671875,0.6323529411764706,0.6888888888888889,0.6515151515151515,0.7205882352941176,0.7230745304668058,0.3217328649213385,93,42,50,86
Combined ProtBERT-SW + DNABERT-2,Logistic Regression,validation,0.6494464944649446,0.6541353383458647,0.6397058823529411,0.6592592592592592,0.6468401486988847,0.7164488017429194,0.700191738342806,0.2990140041019624,89,46,49,87
