representation,model,dataset,accuracy,precision,recall_sensitivity,specificity,f1,roc_auc,pr_auc,mcc,tn,fp,fn,tp
Genomic DNABERT-2 sliding-window,Random Forest,validation,0.6273062730627307,0.6635514018691588,0.5220588235294118,0.7333333333333333,0.5843621399176955,0.6632897603485838,0.6777555218453184,0.2612342292217129,99,36,65,71
Genomic DNABERT-2 sliding-window,Soft Voting,validation,0.6236162361623616,0.6517857142857143,0.5367647058823529,0.7111111111111111,0.5887096774193549,0.6554466230936818,0.6688828275562495,0.25168823984711547,96,39,63,73
Genomic DNABERT-2 sliding-window,SVM RBF,validation,0.6236162361623616,0.6808510638297872,0.47058823529411764,0.7777777777777778,0.5565217391304348,0.6544662309368192,0.6675272386980091,0.26090232197825697,105,30,72,64
Genomic DNABERT-2 sliding-window,Stacking,validation,0.6309963099630996,0.6607142857142857,0.5441176470588235,0.7185185185185186,0.5967741935483871,0.65119825708061,0.6646162710923514,0.2666756081175106,97,38,62,74
Genomic DNABERT-2 sliding-window,Logistic Regression,validation,0.6162361623616236,0.6403508771929824,0.5367647058823529,0.6962962962962963,0.584,0.6422657952069717,0.650836655342285,0.23604983227426368,94,41,63,73
