representation,model,dataset,accuracy,precision,recall_sensitivity,specificity,f1,roc_auc,pr_auc,mcc,tn,fp,fn,tp
Combined ProtBERT-SW + DNABERT-2,SVM RBF,test_diagnostic,0.6715867158671587,0.6796875,0.6444444444444445,0.6985294117647058,0.6615969581749049,0.7567538126361655,0.7446882147625922,0.34349810959811267,95,41,48,87
Combined ProtBERT-SW + DNABERT-2,Soft Voting,test_diagnostic,0.6752767527675276,0.6850393700787402,0.6444444444444445,0.7058823529411765,0.6641221374045801,0.7478213507625273,0.7388195116933832,0.35101573963884847,96,40,48,87
Combined ProtBERT-SW + DNABERT-2,Stacking,test_diagnostic,0.6752767527675276,0.688,0.6370370370370371,0.7132352941176471,0.6615384615384615,0.7446623093681918,0.7384496383116712,0.3513263605219179,97,39,49,86
Combined ProtBERT-SW + DNABERT-2,Logistic Regression,test_diagnostic,0.6678966789667896,0.6744186046511628,0.6444444444444445,0.6911764705882353,0.6590909090909091,0.7397058823529411,0.7408763393435542,0.3360054550401793,94,42,48,87
Combined ProtBERT-SW + DNABERT-2,Random Forest,test_diagnostic,0.6900369003690037,0.6976744186046512,0.6666666666666666,0.7132352941176471,0.6818181818181818,0.7288126361655773,0.7210041209417759,0.38033723610925846,97,39,45,90
