representation,model,dataset,accuracy,precision,recall_sensitivity,specificity,f1,roc_auc,pr_auc,mcc,tn,fp,fn,tp
Genomic DNABERT-2 sliding-window,Logistic Regression,test_diagnostic,0.6273062730627307,0.67,0.4962962962962963,0.7573529411764706,0.5702127659574469,0.6881263616557736,0.6812169132586227,0.2628281295205879,103,33,68,67
Genomic DNABERT-2 sliding-window,Random Forest,test_diagnostic,0.6162361623616236,0.6631578947368421,0.4666666666666667,0.7647058823529411,0.5478260869565217,0.6832788671023965,0.6838355849863269,0.24245437940080117,104,32,72,63
Genomic DNABERT-2 sliding-window,Stacking,test_diagnostic,0.6273062730627307,0.6666666666666666,0.5037037037037037,0.75,0.5738396624472574,0.6813725490196078,0.6804332278426735,0.26183018198074465,102,34,67,68
Genomic DNABERT-2 sliding-window,Soft Voting,test_diagnostic,0.6273062730627307,0.67,0.4962962962962963,0.7573529411764706,0.5702127659574469,0.6811546840958606,0.6813285164604139,0.2628281295205879,103,33,68,67
Genomic DNABERT-2 sliding-window,SVM RBF,test_diagnostic,0.6309963099630996,0.7272727272727273,0.4148148148148148,0.8455882352941176,0.5283018867924528,0.6594771241830066,0.6670918938094599,0.28869294956832536,115,21,79,56
