representation,model,train_roc_auc_mean,train_roc_auc_std,cv_roc_auc_mean,cv_roc_auc_std,cv_f1_mean,cv_f1_std,cv_pr_auc_mean,cv_pr_auc_std,cv_mcc_mean,cv_mcc_std,overfit_gap_train_minus_cv
ProtBERT_sliding_window_mean_pool_1022_stride_1022,SVM RBF,0.9425048987505938,0.0022889022539401725,0.7209961482422964,0.033535239994490665,0.6562118279511427,0.0319487593979864,0.7085958729414538,0.032763675231635835,0.31152955146772954,0.06867525158220585,0.22150875050829744
ProtBERT_sliding_window_mean_pool_1022_stride_1022,Random Forest,1.0,0.0,0.7104313271126542,0.03263682815308977,0.6439848786134326,0.024399116184198197,0.7055313690635654,0.02712146236745513,0.28787223267559897,0.06217310412644334,0.2895686728873458
ProtBERT_sliding_window_mean_pool_1022_stride_1022,LightGBM,1.0,0.0,0.6958040447330893,0.03776320271244086,0.6451573743124189,0.03572811372767937,0.6883748942572641,0.03587771291259036,0.28593307781132216,0.0678687051415494,0.3041959552669107
ProtBERT_sliding_window_mean_pool_1022_stride_1022,Logistic Regression,0.9999992295542972,1.540891405671374e-06,0.6547698439146878,0.035474673140679466,0.6102326174697436,0.02594743201725028,0.6491134763585622,0.05496834426788079,0.2218484775171094,0.04097804798366766,0.34522938563960937
