model,dataset,accuracy,precision,recall_sensitivity,specificity,f1,roc_auc,pr_auc,mcc,tn,fp,fn,tp,representation
Stacking,test_diagnostic,0.5897435897435898,0.5882352941176471,0.5882352941176471,0.5912408759124088,0.5882352941176471,0.6529626449119793,0.6590671898807052,0.1794761700300558,81,56,56,80,ProtBERT_sliding_window_mean_pool_1022_stride_1022
SVM RBF,test_diagnostic,0.5824175824175825,0.5774647887323944,0.6029411764705882,0.5620437956204379,0.5899280575539568,0.6528553027050236,0.6544196451719785,0.16511795658728717,77,60,54,82,ProtBERT_sliding_window_mean_pool_1022_stride_1022
Soft Voting,test_diagnostic,0.6007326007326007,0.5971223021582733,0.6102941176470589,0.5912408759124088,0.6036363636363636,0.6515671962215543,0.6572308471967155,0.20156745121533115,81,56,53,83,ProtBERT_sliding_window_mean_pool_1022_stride_1022
Logistic Regression,test_diagnostic,0.5970695970695971,0.5984848484848485,0.5808823529411765,0.6131386861313869,0.5895522388059702,0.6487226277372263,0.6551002354519113,0.19412525621445714,84,53,57,79,ProtBERT_sliding_window_mean_pool_1022_stride_1022
LightGBM,test_diagnostic,0.608058608058608,0.5973154362416108,0.6544117647058824,0.5620437956204379,0.624561403508772,0.6398668956633748,0.6232517541059648,0.21736744844187925,77,60,47,89,ProtBERT_sliding_window_mean_pool_1022_stride_1022
Random Forest,test_diagnostic,0.5860805860805861,0.5793103448275863,0.6176470588235294,0.5547445255474452,0.597864768683274,0.6347681408329756,0.6434726765336106,0.17272564093560283,76,61,52,84,ProtBERT_sliding_window_mean_pool_1022_stride_1022
