model,dataset,accuracy,precision,recall_sensitivity,specificity,f1,roc_auc,pr_auc,mcc,tn,fp,fn,tp,representation
Logistic Regression,validation,0.6776556776556777,0.696,0.635036496350365,0.7205882352941176,0.6641221374045801,0.7386217260626879,0.7063550579299634,0.35689119182760254,98,38,50,87,ProtBERT_sliding_window_mean_pool_1022_stride_1022
Stacking,validation,0.684981684981685,0.7073170731707317,0.635036496350365,0.7352941176470589,0.6692307692307692,0.7355624731644482,0.6926421885632216,0.3721526944669843,100,36,50,87,ProtBERT_sliding_window_mean_pool_1022_stride_1022
SVM RBF,validation,0.684981684981685,0.7073170731707317,0.635036496350365,0.7352941176470589,0.6692307692307692,0.7319128381279519,0.691923171807949,0.3721526944669843,100,36,50,87,ProtBERT_sliding_window_mean_pool_1022_stride_1022
Soft Voting,validation,0.6959706959706959,0.7213114754098361,0.6423357664233577,0.75,0.6795366795366795,0.73094675826535,0.6887306064539649,0.3945656285150127,102,34,49,88,ProtBERT_sliding_window_mean_pool_1022_stride_1022
Random Forest,validation,0.6959706959706959,0.717741935483871,0.6496350364963503,0.7426470588235294,0.6819923371647509,0.7284242164018893,0.6899493745306986,0.393934708817678,101,35,48,89,ProtBERT_sliding_window_mean_pool_1022_stride_1022
LightGBM,validation,0.6446886446886447,0.6587301587301587,0.6058394160583942,0.6838235294117647,0.6311787072243346,0.702769428939459,0.6776712518704517,0.29052180942683575,93,43,54,83,ProtBERT_sliding_window_mean_pool_1022_stride_1022
