representation,model,train_roc_auc_mean,train_roc_auc_std,cv_roc_auc_mean,cv_roc_auc_std,cv_f1_mean,cv_f1_std,cv_pr_auc_mean,cv_pr_auc_std,cv_mcc_mean,cv_mcc_std,overfit_gap_train_minus_cv
ProtBERT_mean_pool_truncated_1022,SVM RBF,0.9429032433498072,0.002526240885013689,0.7200839714179428,0.03212659377788823,0.6566709748469216,0.025526759000303437,0.7144666640613905,0.033381260634307394,0.30560380759918815,0.06585578494642429,0.22281927193186446
ProtBERT_mean_pool_truncated_1022,Random Forest,1.0,4.965068306494546e-17,0.7164010671771344,0.029191920630306272,0.6532870638954499,0.015713050831108882,0.7143430451575508,0.03005228935881662,0.2995912859239684,0.044665587986095316,0.28359893282286563
ProtBERT_mean_pool_truncated_1022,LightGBM,1.0,0.0,0.6968288874077748,0.03481777033633506,0.6382816075135391,0.02135824138647139,0.6972557000740308,0.028334406492652064,0.2756852445261798,0.06047330655322192,0.3031711125922252
ProtBERT_mean_pool_truncated_1022,Logistic Regression,0.9999992295542972,1.540891405671374e-06,0.6456576663153326,0.03391509399702688,0.6193551629191218,0.022187120375478417,0.6398203181726696,0.049640096218496944,0.22972679871930896,0.0364640006091361,0.3543415632389646
