model,dataset,accuracy,precision,recall_sensitivity,specificity,f1,roc_auc,pr_auc,mcc,tn,fp,fn,tp,representation
SVM RBF,test_diagnostic,0.5970695970695971,0.5915492957746479,0.6176470588235294,0.5766423357664233,0.60431654676259,0.6498497209102619,0.6474171137300928,0.19444599962458672,79,58,52,84,ProtBERT_mean_pool_truncated_1022
Stacking,test_diagnostic,0.5787545787545788,0.5734265734265734,0.6029411764705882,0.5547445255474452,0.5878136200716846,0.6397058823529411,0.6467037178716237,0.15786372953326153,76,61,54,82,ProtBERT_mean_pool_truncated_1022
Logistic Regression,test_diagnostic,0.5970695970695971,0.5928571428571429,0.6102941176470589,0.583941605839416,0.6014492753623188,0.6370759982825247,0.6422789673606879,0.19429830279008636,80,57,53,83,ProtBERT_mean_pool_truncated_1022
Soft Voting,test_diagnostic,0.5897435897435898,0.5833333333333334,0.6176470588235294,0.5620437956204379,0.6,0.6366466294547016,0.6441288178932792,0.17996150246848644,77,60,52,84,ProtBERT_mean_pool_truncated_1022
LightGBM,test_diagnostic,0.5934065934065934,0.5874125874125874,0.6176470588235294,0.5693430656934306,0.6021505376344086,0.6238729068269644,0.6288930912315591,0.18720123679165526,78,59,52,84,ProtBERT_mean_pool_truncated_1022
Random Forest,test_diagnostic,0.5677655677655677,0.5625,0.5955882352941176,0.5401459854014599,0.5785714285714286,0.6203306139974238,0.6270683882469914,0.13593866181087283,74,63,55,81,ProtBERT_mean_pool_truncated_1022
