model,dataset,accuracy,precision,recall_sensitivity,specificity,f1,roc_auc,pr_auc,mcc,tn,fp,fn,tp,representation
Logistic Regression,train,0.7315541601255887,0.7330173775671406,0.728414442700157,0.7346938775510204,0.7307086614173228,0.8122971444343948,0.8132326351244689,0.4631174510032343,468,169,173,464,ProtBERT_mean_pool_truncated_1022
Logistic Regression,validation,0.6813186813186813,0.7049180327868853,0.6277372262773723,0.7352941176470589,0.6640926640926641,0.746135680549592,0.7150484103666215,0.365094652705273,100,36,51,86,ProtBERT_mean_pool_truncated_1022
SVM RBF,train,0.8610675039246468,0.8733766233766234,0.8445839874411303,0.8775510204081632,0.8587390263367917,0.9377626186327688,0.9390632377404559,0.7225277452908198,559,78,99,538,ProtBERT_mean_pool_truncated_1022
SVM RBF,validation,0.6959706959706959,0.7213114754098361,0.6423357664233577,0.75,0.6795366795366795,0.7297123228853585,0.6901159398034931,0.3945656285150127,102,34,49,88,ProtBERT_mean_pool_truncated_1022
Random Forest,train,0.9811616954474097,0.9842022116903634,0.978021978021978,0.9843014128728415,0.9811023622047244,0.9973088136353443,0.9975727532496634,0.9623423642880767,627,10,14,623,ProtBERT_mean_pool_truncated_1022
Random Forest,validation,0.6959706959706959,0.7142857142857143,0.656934306569343,0.7352941176470589,0.6844106463878327,0.7387290682696436,0.6966617031792105,0.3933913995351706,100,36,47,90,ProtBERT_mean_pool_truncated_1022
LightGBM,train,0.9858712715855573,0.9874015748031496,0.9843014128728415,0.9874411302982732,0.9858490566037735,0.9978263494747012,0.9979086335289262,0.9717473328407428,629,8,10,627,ProtBERT_mean_pool_truncated_1022
LightGBM,validation,0.663003663003663,0.6717557251908397,0.6423357664233577,0.6838235294117647,0.6567164179104478,0.7312687848862173,0.7014332168043813,0.32642219329243466,93,43,49,88,ProtBERT_mean_pool_truncated_1022
