model,dataset,accuracy,precision,recall_sensitivity,specificity,f1,roc_auc,pr_auc,mcc,tn,fp,fn,tp,representation
Logistic Regression,validation,0.6813186813186813,0.7049180327868853,0.6277372262773723,0.7352941176470589,0.6640926640926641,0.746135680549592,0.7150484103666215,0.365094652705273,100,36,51,86,ProtBERT_mean_pool_truncated_1022
Random Forest,validation,0.6959706959706959,0.7142857142857143,0.656934306569343,0.7352941176470589,0.6844106463878327,0.7387290682696436,0.6966617031792105,0.3933913995351706,100,36,47,90,ProtBERT_mean_pool_truncated_1022
LightGBM,validation,0.663003663003663,0.6717557251908397,0.6423357664233577,0.6838235294117647,0.6567164179104478,0.7312687848862173,0.7014332168043813,0.32642219329243466,93,43,49,88,ProtBERT_mean_pool_truncated_1022
SVM RBF,validation,0.6959706959706959,0.7213114754098361,0.6423357664233577,0.75,0.6795366795366795,0.7297123228853585,0.6901159398034931,0.3945656285150127,102,34,49,88,ProtBERT_mean_pool_truncated_1022
