model,dataset,accuracy,precision,recall_sensitivity,specificity,f1,roc_auc,pr_auc,mcc,tn,fp,fn,tp,representation
Stacking,validation,0.6483516483516484,0.6614173228346457,0.6131386861313869,0.6838235294117647,0.6363636363636364,0.7248819235723487,0.7231420271762795,0.2976820474430343,93,43,53,84,ESM2_t6_8M_mean_pool_truncated_1022
Soft Voting,validation,0.6483516483516484,0.6614173228346457,0.6131386861313869,0.6838235294117647,0.6363636363636364,0.7245062258480035,0.7254100776494563,0.2976820474430343,93,43,53,84,ESM2_t6_8M_mean_pool_truncated_1022
Logistic Regression,validation,0.6373626373626373,0.6583333333333333,0.5766423357664233,0.6985294117647058,0.6147859922178989,0.7186024044654359,0.7194495399605834,0.2772025628868344,95,41,58,79,ESM2_t6_8M_mean_pool_truncated_1022
LightGBM,validation,0.652014652014652,0.6544117647058824,0.6496350364963503,0.6544117647058824,0.652014652014652,0.716562902533276,0.7167868989663595,0.3040468012022327,89,47,48,89,ESM2_t6_8M_mean_pool_truncated_1022
Random Forest,validation,0.6336996336996337,0.6390977443609023,0.6204379562043796,0.6470588235294118,0.6296296296296297,0.7154894804637184,0.7169234770673327,0.26758296244979013,88,48,52,85,ESM2_t6_8M_mean_pool_truncated_1022
SVM RBF,validation,0.6446886446886447,0.6612903225806451,0.5985401459854015,0.6911764705882353,0.6283524904214559,0.6981537140403608,0.6849873476239332,0.29093714026512874,94,42,55,82,ESM2_t6_8M_mean_pool_truncated_1022
