model,dataset,accuracy,precision,recall_sensitivity,specificity,f1,roc_auc,pr_auc,mcc,tn,fp,fn,tp,representation
Logistic Regression,test_diagnostic,0.6007326007326007,0.5957446808510638,0.6176470588235294,0.583941605839416,0.6064981949458483,0.6237655646200085,0.609630731719722,0.2016969467058094,80,57,52,84,ESM2_t6_8M_mean_pool_truncated_1022
Soft Voting,test_diagnostic,0.5824175824175825,0.5808823529411765,0.5808823529411765,0.583941605839416,0.5808823529411765,0.6208673250322027,0.6206932828076617,0.16482395878059253,80,57,57,79,ESM2_t6_8M_mean_pool_truncated_1022
Stacking,test_diagnostic,0.5970695970695971,0.5970149253731343,0.5882352941176471,0.6058394160583942,0.5925925925925926,0.620223271790468,0.6187854276652549,0.1941059663367876,83,54,56,80,ESM2_t6_8M_mean_pool_truncated_1022
LightGBM,test_diagnostic,0.5787545787545788,0.5734265734265734,0.6029411764705882,0.5547445255474452,0.5878136200716846,0.6157685702018034,0.6211275503338136,0.15786372953326153,76,61,54,82,ESM2_t6_8M_mean_pool_truncated_1022
SVM RBF,test_diagnostic,0.5897435897435898,0.5909090909090909,0.5735294117647058,0.6058394160583942,0.582089552238806,0.6102941176470589,0.6117609171908445,0.17946517462481762,83,54,58,78,ESM2_t6_8M_mean_pool_truncated_1022
Random Forest,test_diagnostic,0.5824175824175825,0.5774647887323944,0.6029411764705882,0.5620437956204379,0.5899280575539568,0.6081472735079434,0.5998682758193642,0.16511795658728717,77,60,54,82,ESM2_t6_8M_mean_pool_truncated_1022
