representation,model,train_roc_auc_mean,train_roc_auc_std,cv_roc_auc_mean,cv_roc_auc_std,cv_f1_mean,cv_f1_std,cv_pr_auc_mean,cv_pr_auc_std,cv_mcc_mean,cv_mcc_std,overfit_gap_train_minus_cv
ESM2_t6_8M_mean_pool_truncated_1022,Random Forest,1.0,4.965068306494546e-17,0.6868055017360035,0.027411104929658862,0.6395027271055769,0.0328999644166214,0.6755879256257831,0.0226896172406765,0.27177855598576856,0.06266775184980224,0.3131944982639965
ESM2_t6_8M_mean_pool_truncated_1022,SVM RBF,0.9100641358280669,0.003221431455874444,0.6813942471634943,0.015298278259392829,0.6239117229328214,0.028237547073503923,0.671566000111869,0.023904288241021417,0.2471055301955519,0.05026099515332376,0.2286698886645726
ESM2_t6_8M_mean_pool_truncated_1022,LightGBM,1.0,0.0,0.6708643011036022,0.02409654630939583,0.626634500780092,0.01933675562373298,0.657422329127314,0.025150169349787692,0.24360507482086452,0.04935675522850633,0.3291356988963978
ESM2_t6_8M_mean_pool_truncated_1022,Logistic Regression,0.8871679790680478,0.006822775941237217,0.6284414912579825,0.034796218882759744,0.5906436446357096,0.027559537655398522,0.6293161882227554,0.04692059075852969,0.18378693171741128,0.06213587362265441,0.25872648781006524
