model,dataset,accuracy,precision,recall_sensitivity,specificity,f1,roc_auc,pr_auc,mcc,tn,fp,fn,tp,representation
Stacking,test,0.5970695970695971,0.5970149253731343,0.5882352941176471,0.6058394160583942,0.5925925925925926,0.620223271790468,0.6187854276652549,0.1941059663367876,83,54,56,80,ESM2_t6_8M_mean_pool_truncated_1022
