model,threshold,accuracy,precision,recall_sensitivity,specificity,f1,roc_auc,pr_auc,mcc,tn,fp,fn,tp
Protein-only ProtBERT-SW SVM RBF,0.5,0.6605166051660517,0.6524822695035462,0.6814814814814815,0.6397058823529411,0.6666666666666666,0.72739651416122,0.7433410194377705,0.3214500938283208,87,49,43,92
Combined Protein+Genomic SVM RBF,0.5,0.6715867158671587,0.6825396825396826,0.6370370370370371,0.7058823529411765,0.6590038314176245,0.7289760348583878,0.7572529106696753,0.3437629813881903,96,40,49,86
