model,threshold,accuracy,precision,recall_sensitivity,specificity,f1,roc_auc,pr_auc,mcc,tn,fp,fn,tp
Combined SVM baseline,0.5,0.6715867158671587,0.6825396825396826,0.6370370370370371,0.7058823529411765,0.6590038314176245,0.7289760348583878,0.7572529106696753,0.3437629813881903,96,40,49,86
