modality,n_features,sum_abs_coefficient,mean_abs_coefficient,median_abs_coefficient,max_abs_coefficient,share_of_total_abs_coefficient
genomic,355,2.7735251103407266,0.007812746789692187,0.006411098406414678,0.03648944404573647,0.2954011748979615
protein,1024,6.615486667621115,0.006460436198848745,0.005430282753728838,0.031692694461528774,0.7045988251020385
