permuted_block,n_repeats,baseline_roc_auc,baseline_pr_auc,baseline_f1,baseline_mcc,mean_roc_auc_after_permutation,std_roc_auc_after_permutation,mean_roc_auc_drop,std_roc_auc_drop,mean_pr_auc_after_permutation,std_pr_auc_after_permutation,mean_pr_auc_drop,std_pr_auc_drop,mean_f1_after_permutation,std_f1_after_permutation,mean_f1_drop,std_f1_drop,mean_mcc_after_permutation,std_mcc_after_permutation,mean_mcc_drop,std_mcc_drop
protein_block,30,0.7289760348583878,0.7572529106696753,0.6590038314176245,0.3437629813881903,0.5300807915758896,0.03964520568254988,0.19889524328249822,0.03964520568254988,0.5329559483040188,0.03162437999507328,0.22429696236565644,0.03162437999507328,0.5113472903206199,0.0359143075336887,0.14765654109700468,0.0359143075336887,0.03536358077512928,0.06759209709092771,0.308399400613061,0.06759209709092771
genomic_block,30,0.7289760348583878,0.7572529106696753,0.6590038314176245,0.3437629813881903,0.7069199346405227,0.01568757603373829,0.022056100217864926,0.01568757603373829,0.7178299413672558,0.023150935576148283,0.0394229693024195,0.02315093557614828,0.6516171059419285,0.019692312118989936,0.007386725475696155,0.019692312118989936,0.31458200232326516,0.03878022498435386,0.029180979064925117,0.038780224984353864
