error_group,n_genes,percentage
both_correct,168,61.99261992619927
both_wrong,75,27.67527675276753
phase3_correct_phase5_wrong,14,5.166051660516605
phase5_correct_phase3_wrong,14,5.166051660516605
